--
-- PostgreSQL database dump
--

\restrict uSCHkjKcd9hqxdyq9U1fhU7zJikrRKnvcy9O4qtZld2SPeGe81e7Lddwd5Doguq

-- Dumped from database version 18.3 (Debian 18.3-1.pgdg13+1)
-- Dumped by pg_dump version 18.3 (Debian 18.3-1.pgdg13+1)

SET statement_timeout = 0;
SET lock_timeout = 0;
SET idle_in_transaction_session_timeout = 0;
SET transaction_timeout = 0;
SET client_encoding = 'UTF8';
SET standard_conforming_strings = on;
SELECT pg_catalog.set_config('search_path', '', false);
SET check_function_bodies = false;
SET xmloption = content;
SET client_min_messages = warning;
SET row_security = off;

SET default_tablespace = '';

SET default_table_access_method = heap;

--
-- Name: auth_group; Type: TABLE; Schema: public; Owner: postgres
--

CREATE TABLE public.auth_group (
    id integer NOT NULL,
    name character varying(150) NOT NULL
);


ALTER TABLE public.auth_group OWNER TO postgres;

--
-- Name: auth_group_id_seq; Type: SEQUENCE; Schema: public; Owner: postgres
--

ALTER TABLE public.auth_group ALTER COLUMN id ADD GENERATED BY DEFAULT AS IDENTITY (
    SEQUENCE NAME public.auth_group_id_seq
    START WITH 1
    INCREMENT BY 1
    NO MINVALUE
    NO MAXVALUE
    CACHE 1
);


--
-- Name: auth_group_permissions; Type: TABLE; Schema: public; Owner: postgres
--

CREATE TABLE public.auth_group_permissions (
    id bigint NOT NULL,
    group_id integer NOT NULL,
    permission_id integer NOT NULL
);


ALTER TABLE public.auth_group_permissions OWNER TO postgres;

--
-- Name: auth_group_permissions_id_seq; Type: SEQUENCE; Schema: public; Owner: postgres
--

ALTER TABLE public.auth_group_permissions ALTER COLUMN id ADD GENERATED BY DEFAULT AS IDENTITY (
    SEQUENCE NAME public.auth_group_permissions_id_seq
    START WITH 1
    INCREMENT BY 1
    NO MINVALUE
    NO MAXVALUE
    CACHE 1
);


--
-- Name: auth_permission; Type: TABLE; Schema: public; Owner: postgres
--

CREATE TABLE public.auth_permission (
    id integer NOT NULL,
    name character varying(255) NOT NULL,
    content_type_id integer NOT NULL,
    codename character varying(100) NOT NULL
);


ALTER TABLE public.auth_permission OWNER TO postgres;

--
-- Name: auth_permission_id_seq; Type: SEQUENCE; Schema: public; Owner: postgres
--

ALTER TABLE public.auth_permission ALTER COLUMN id ADD GENERATED BY DEFAULT AS IDENTITY (
    SEQUENCE NAME public.auth_permission_id_seq
    START WITH 1
    INCREMENT BY 1
    NO MINVALUE
    NO MAXVALUE
    CACHE 1
);


--
-- Name: auth_user; Type: TABLE; Schema: public; Owner: postgres
--

CREATE TABLE public.auth_user (
    id integer NOT NULL,
    password character varying(128) NOT NULL,
    last_login timestamp with time zone,
    is_superuser boolean NOT NULL,
    username character varying(150) NOT NULL,
    first_name character varying(150) NOT NULL,
    last_name character varying(150) NOT NULL,
    email character varying(254) NOT NULL,
    is_staff boolean NOT NULL,
    is_active boolean NOT NULL,
    date_joined timestamp with time zone NOT NULL
);


ALTER TABLE public.auth_user OWNER TO postgres;

--
-- Name: auth_user_groups; Type: TABLE; Schema: public; Owner: postgres
--

CREATE TABLE public.auth_user_groups (
    id bigint NOT NULL,
    user_id integer NOT NULL,
    group_id integer NOT NULL
);


ALTER TABLE public.auth_user_groups OWNER TO postgres;

--
-- Name: auth_user_groups_id_seq; Type: SEQUENCE; Schema: public; Owner: postgres
--

ALTER TABLE public.auth_user_groups ALTER COLUMN id ADD GENERATED BY DEFAULT AS IDENTITY (
    SEQUENCE NAME public.auth_user_groups_id_seq
    START WITH 1
    INCREMENT BY 1
    NO MINVALUE
    NO MAXVALUE
    CACHE 1
);


--
-- Name: auth_user_id_seq; Type: SEQUENCE; Schema: public; Owner: postgres
--

ALTER TABLE public.auth_user ALTER COLUMN id ADD GENERATED BY DEFAULT AS IDENTITY (
    SEQUENCE NAME public.auth_user_id_seq
    START WITH 1
    INCREMENT BY 1
    NO MINVALUE
    NO MAXVALUE
    CACHE 1
);


--
-- Name: auth_user_user_permissions; Type: TABLE; Schema: public; Owner: postgres
--

CREATE TABLE public.auth_user_user_permissions (
    id bigint NOT NULL,
    user_id integer NOT NULL,
    permission_id integer NOT NULL
);


ALTER TABLE public.auth_user_user_permissions OWNER TO postgres;

--
-- Name: auth_user_user_permissions_id_seq; Type: SEQUENCE; Schema: public; Owner: postgres
--

ALTER TABLE public.auth_user_user_permissions ALTER COLUMN id ADD GENERATED BY DEFAULT AS IDENTITY (
    SEQUENCE NAME public.auth_user_user_permissions_id_seq
    START WITH 1
    INCREMENT BY 1
    NO MINVALUE
    NO MAXVALUE
    CACHE 1
);


--
-- Name: django_admin_log; Type: TABLE; Schema: public; Owner: postgres
--

CREATE TABLE public.django_admin_log (
    id integer NOT NULL,
    action_time timestamp with time zone NOT NULL,
    object_id text,
    object_repr character varying(200) NOT NULL,
    action_flag smallint NOT NULL,
    change_message text NOT NULL,
    content_type_id integer,
    user_id integer NOT NULL,
    CONSTRAINT django_admin_log_action_flag_check CHECK ((action_flag >= 0))
);


ALTER TABLE public.django_admin_log OWNER TO postgres;

--
-- Name: django_admin_log_id_seq; Type: SEQUENCE; Schema: public; Owner: postgres
--

ALTER TABLE public.django_admin_log ALTER COLUMN id ADD GENERATED BY DEFAULT AS IDENTITY (
    SEQUENCE NAME public.django_admin_log_id_seq
    START WITH 1
    INCREMENT BY 1
    NO MINVALUE
    NO MAXVALUE
    CACHE 1
);


--
-- Name: django_content_type; Type: TABLE; Schema: public; Owner: postgres
--

CREATE TABLE public.django_content_type (
    id integer NOT NULL,
    app_label character varying(100) NOT NULL,
    model character varying(100) NOT NULL
);


ALTER TABLE public.django_content_type OWNER TO postgres;

--
-- Name: django_content_type_id_seq; Type: SEQUENCE; Schema: public; Owner: postgres
--

ALTER TABLE public.django_content_type ALTER COLUMN id ADD GENERATED BY DEFAULT AS IDENTITY (
    SEQUENCE NAME public.django_content_type_id_seq
    START WITH 1
    INCREMENT BY 1
    NO MINVALUE
    NO MAXVALUE
    CACHE 1
);


--
-- Name: django_migrations; Type: TABLE; Schema: public; Owner: postgres
--

CREATE TABLE public.django_migrations (
    id bigint NOT NULL,
    app character varying(255) NOT NULL,
    name character varying(255) NOT NULL,
    applied timestamp with time zone NOT NULL
);


ALTER TABLE public.django_migrations OWNER TO postgres;

--
-- Name: django_migrations_id_seq; Type: SEQUENCE; Schema: public; Owner: postgres
--

ALTER TABLE public.django_migrations ALTER COLUMN id ADD GENERATED BY DEFAULT AS IDENTITY (
    SEQUENCE NAME public.django_migrations_id_seq
    START WITH 1
    INCREMENT BY 1
    NO MINVALUE
    NO MAXVALUE
    CACHE 1
);


--
-- Name: django_session; Type: TABLE; Schema: public; Owner: postgres
--

CREATE TABLE public.django_session (
    session_key character varying(40) NOT NULL,
    session_data text NOT NULL,
    expire_date timestamp with time zone NOT NULL
);


ALTER TABLE public.django_session OWNER TO postgres;

--
-- Name: rms_category; Type: TABLE; Schema: public; Owner: postgres
--

CREATE TABLE public.rms_category (
    id bigint NOT NULL,
    name character varying(100) NOT NULL
);


ALTER TABLE public.rms_category OWNER TO postgres;

--
-- Name: rms_category_id_seq; Type: SEQUENCE; Schema: public; Owner: postgres
--

ALTER TABLE public.rms_category ALTER COLUMN id ADD GENERATED BY DEFAULT AS IDENTITY (
    SEQUENCE NAME public.rms_category_id_seq
    START WITH 1
    INCREMENT BY 1
    NO MINVALUE
    NO MAXVALUE
    CACHE 1
);


--
-- Name: rms_food; Type: TABLE; Schema: public; Owner: postgres
--

CREATE TABLE public.rms_food (
    id bigint NOT NULL,
    name character varying(100) NOT NULL,
    description text NOT NULL,
    price numeric(10,2) NOT NULL,
    category_id bigint NOT NULL
);


ALTER TABLE public.rms_food OWNER TO postgres;

--
-- Name: rms_food_id_seq; Type: SEQUENCE; Schema: public; Owner: postgres
--

ALTER TABLE public.rms_food ALTER COLUMN id ADD GENERATED BY DEFAULT AS IDENTITY (
    SEQUENCE NAME public.rms_food_id_seq
    START WITH 1
    INCREMENT BY 1
    NO MINVALUE
    NO MAXVALUE
    CACHE 1
);


--
-- Name: rms_order; Type: TABLE; Schema: public; Owner: postgres
--

CREATE TABLE public.rms_order (
    id bigint NOT NULL,
    total_price numeric(10,2) NOT NULL,
    status character varying(10) NOT NULL,
    user_id integer NOT NULL
);


ALTER TABLE public.rms_order OWNER TO postgres;

--
-- Name: rms_order_id_seq; Type: SEQUENCE; Schema: public; Owner: postgres
--

ALTER TABLE public.rms_order ALTER COLUMN id ADD GENERATED BY DEFAULT AS IDENTITY (
    SEQUENCE NAME public.rms_order_id_seq
    START WITH 1
    INCREMENT BY 1
    NO MINVALUE
    NO MAXVALUE
    CACHE 1
);


--
-- Name: rms_orderedfood; Type: TABLE; Schema: public; Owner: postgres
--

CREATE TABLE public.rms_orderedfood (
    id bigint NOT NULL,
    food_id bigint NOT NULL,
    order_id bigint NOT NULL
);


ALTER TABLE public.rms_orderedfood OWNER TO postgres;

--
-- Name: rms_orderedfood_id_seq; Type: SEQUENCE; Schema: public; Owner: postgres
--

ALTER TABLE public.rms_orderedfood ALTER COLUMN id ADD GENERATED BY DEFAULT AS IDENTITY (
    SEQUENCE NAME public.rms_orderedfood_id_seq
    START WITH 1
    INCREMENT BY 1
    NO MINVALUE
    NO MAXVALUE
    CACHE 1
);


--
-- Name: rms_payment; Type: TABLE; Schema: public; Owner: postgres
--

CREATE TABLE public.rms_payment (
    id bigint NOT NULL,
    is_paid boolean NOT NULL,
    order_id bigint NOT NULL
);


ALTER TABLE public.rms_payment OWNER TO postgres;

--
-- Name: rms_payment_id_seq; Type: SEQUENCE; Schema: public; Owner: postgres
--

ALTER TABLE public.rms_payment ALTER COLUMN id ADD GENERATED BY DEFAULT AS IDENTITY (
    SEQUENCE NAME public.rms_payment_id_seq
    START WITH 1
    INCREMENT BY 1
    NO MINVALUE
    NO MAXVALUE
    CACHE 1
);


--
-- Name: rms_reservation; Type: TABLE; Schema: public; Owner: postgres
--

CREATE TABLE public.rms_reservation (
    id bigint NOT NULL,
    user_id integer NOT NULL,
    table_id bigint NOT NULL
);


ALTER TABLE public.rms_reservation OWNER TO postgres;

--
-- Name: rms_reservation_id_seq; Type: SEQUENCE; Schema: public; Owner: postgres
--

ALTER TABLE public.rms_reservation ALTER COLUMN id ADD GENERATED BY DEFAULT AS IDENTITY (
    SEQUENCE NAME public.rms_reservation_id_seq
    START WITH 1
    INCREMENT BY 1
    NO MINVALUE
    NO MAXVALUE
    CACHE 1
);


--
-- Name: rms_table; Type: TABLE; Schema: public; Owner: postgres
--

CREATE TABLE public.rms_table (
    id bigint NOT NULL,
    number character varying(2) NOT NULL,
    capacity integer NOT NULL,
    is_available boolean NOT NULL
);


ALTER TABLE public.rms_table OWNER TO postgres;

--
-- Name: rms_table_id_seq; Type: SEQUENCE; Schema: public; Owner: postgres
--

ALTER TABLE public.rms_table ALTER COLUMN id ADD GENERATED BY DEFAULT AS IDENTITY (
    SEQUENCE NAME public.rms_table_id_seq
    START WITH 1
    INCREMENT BY 1
    NO MINVALUE
    NO MAXVALUE
    CACHE 1
);


--
-- Data for Name: auth_group; Type: TABLE DATA; Schema: public; Owner: postgres
--

COPY public.auth_group (id, name) FROM stdin;
\.


--
-- Data for Name: auth_group_permissions; Type: TABLE DATA; Schema: public; Owner: postgres
--

COPY public.auth_group_permissions (id, group_id, permission_id) FROM stdin;
\.


--
-- Data for Name: auth_permission; Type: TABLE DATA; Schema: public; Owner: postgres
--

COPY public.auth_permission (id, name, content_type_id, codename) FROM stdin;
1	Can add log entry	1	add_logentry
2	Can change log entry	1	change_logentry
3	Can delete log entry	1	delete_logentry
4	Can view log entry	1	view_logentry
5	Can add permission	3	add_permission
6	Can change permission	3	change_permission
7	Can delete permission	3	delete_permission
8	Can view permission	3	view_permission
9	Can add group	2	add_group
10	Can change group	2	change_group
11	Can delete group	2	delete_group
12	Can view group	2	view_group
13	Can add user	4	add_user
14	Can change user	4	change_user
15	Can delete user	4	delete_user
16	Can view user	4	view_user
17	Can add content type	5	add_contenttype
18	Can change content type	5	change_contenttype
19	Can delete content type	5	delete_contenttype
20	Can view content type	5	view_contenttype
21	Can add session	6	add_session
22	Can change session	6	change_session
23	Can delete session	6	delete_session
24	Can view session	6	view_session
25	Can add category	7	add_category
26	Can change category	7	change_category
27	Can delete category	7	delete_category
28	Can view category	7	view_category
29	Can add table	13	add_table
30	Can change table	13	change_table
31	Can delete table	13	delete_table
32	Can view table	13	view_table
33	Can add food	8	add_food
34	Can change food	8	change_food
35	Can delete food	8	delete_food
36	Can view food	8	view_food
37	Can add order	9	add_order
38	Can change order	9	change_order
39	Can delete order	9	delete_order
40	Can view order	9	view_order
41	Can add ordered food	10	add_orderedfood
42	Can change ordered food	10	change_orderedfood
43	Can delete ordered food	10	delete_orderedfood
44	Can view ordered food	10	view_orderedfood
45	Can add payment	11	add_payment
46	Can change payment	11	change_payment
47	Can delete payment	11	delete_payment
48	Can view payment	11	view_payment
49	Can add reservation	12	add_reservation
50	Can change reservation	12	change_reservation
51	Can delete reservation	12	delete_reservation
52	Can view reservation	12	view_reservation
\.


--
-- Data for Name: auth_user; Type: TABLE DATA; Schema: public; Owner: postgres
--

COPY public.auth_user (id, password, last_login, is_superuser, username, first_name, last_name, email, is_staff, is_active, date_joined) FROM stdin;
1	pbkdf2_sha256$1200000$PORBjepaqwjVOrllf48PkL$8DRpZceKnr6bbsaOpDlANH/wKQzHOw0B/SIpPvNsigQ=	2026-05-22 10:31:26.381473+00	t	admin				t	t	2026-05-22 10:31:19.750208+00
2	pbkdf2_sha256$1200000$wxWhPazWO5X9hLF1oAosD8$hfBXoYGQ2p9prQta+Y18iSJlnaz53ObcF/7uu925M84=	\N	f	jack				f	t	2026-05-24 03:16:28.984262+00
3	pbkdf2_sha256$1200000$2QMrXDF1f57Dcwb3rYuEG4$herEUIIDg0e4ZSq6tOvaF8K+6s9oirAQIPuhpll7gGM=	\N	f	john				f	t	2026-05-24 03:16:29.468564+00
4	pbkdf2_sha256$1200000$onZVzKb3IGPX6CFDmXpa3m$EKQb7aFSacCxr77SxtMAqNZYcS4OZar8ZTqzvDNTplQ=	\N	f	emma				f	t	2026-05-24 03:16:29.856727+00
5	pbkdf2_sha256$1200000$aSiBjq6YMVNq01v2XNzcVq$yFCOWs2aU+j6ENglb/DYc0ZIsEWb7JAq4l6bBnNVx6Y=	\N	f	sam				f	t	2026-05-24 03:16:30.245238+00
6	pbkdf2_sha256$1200000$DgK043Nw2t2dWJjn3qJ4p9$yn30ijx0qxw3gTa7cfoq2bWGkiS3pjZvcsuct/Gwj9E=	\N	f	alex				f	t	2026-05-24 03:16:30.635264+00
7	pbkdf2_sha256$1200000$ox9soVxX2zPoz4Mt4UvUTX$ZkcvtIdr/AWbWMTQtH2ljwNC344CfV1ZhCXSfQoDDMY=	\N	f	ryan				f	t	2026-05-24 03:16:31.027888+00
8	pbkdf2_sha256$1200000$LQ7t3C2SFLL9Sm4VpebK2i$VUedHhmxNR8RXDww85gOsfWJ96e6tLt4ro/nmKzZyaQ=	\N	f	luke				f	t	2026-05-24 03:16:31.423053+00
\.


--
-- Data for Name: auth_user_groups; Type: TABLE DATA; Schema: public; Owner: postgres
--

COPY public.auth_user_groups (id, user_id, group_id) FROM stdin;
\.


--
-- Data for Name: auth_user_user_permissions; Type: TABLE DATA; Schema: public; Owner: postgres
--

COPY public.auth_user_user_permissions (id, user_id, permission_id) FROM stdin;
\.


--
-- Data for Name: django_admin_log; Type: TABLE DATA; Schema: public; Owner: postgres
--

COPY public.django_admin_log (id, action_time, object_id, object_repr, action_flag, change_message, content_type_id, user_id) FROM stdin;
1	2026-05-22 10:58:04.830937+00	15	Order object (15)	2	[{"changed": {"fields": ["Total price"]}}]	9	1
2	2026-05-22 10:58:17.511342+00	1	OrderedFood object (1)	1	[{"added": {}}]	10	1
3	2026-05-22 10:58:26.629554+00	2	OrderedFood object (2)	1	[{"added": {}}]	10	1
4	2026-05-22 10:58:34.945507+00	3	OrderedFood object (3)	1	[{"added": {}}]	10	1
\.


--
-- Data for Name: django_content_type; Type: TABLE DATA; Schema: public; Owner: postgres
--

COPY public.django_content_type (id, app_label, model) FROM stdin;
1	admin	logentry
2	auth	group
3	auth	permission
4	auth	user
5	contenttypes	contenttype
6	sessions	session
7	rms	category
8	rms	food
9	rms	order
10	rms	orderedfood
11	rms	payment
12	rms	reservation
13	rms	table
\.


--
-- Data for Name: django_migrations; Type: TABLE DATA; Schema: public; Owner: postgres
--

COPY public.django_migrations (id, app, name, applied) FROM stdin;
1	contenttypes	0001_initial	2026-05-22 10:27:49.614047+00
2	auth	0001_initial	2026-05-22 10:27:49.650595+00
3	admin	0001_initial	2026-05-22 10:27:49.664689+00
4	admin	0002_logentry_remove_auto_add	2026-05-22 10:27:49.671466+00
5	admin	0003_logentry_add_action_flag_choices	2026-05-22 10:27:49.678078+00
6	contenttypes	0002_remove_content_type_name	2026-05-22 10:27:49.692635+00
7	auth	0002_alter_permission_name_max_length	2026-05-22 10:27:49.700638+00
8	auth	0003_alter_user_email_max_length	2026-05-22 10:27:49.70652+00
9	auth	0004_alter_user_username_opts	2026-05-22 10:27:49.712898+00
10	auth	0005_alter_user_last_login_null	2026-05-22 10:27:49.720998+00
11	auth	0006_require_contenttypes_0002	2026-05-22 10:27:49.722323+00
12	auth	0007_alter_validators_add_error_messages	2026-05-22 10:27:49.72778+00
13	auth	0008_alter_user_username_max_length	2026-05-22 10:27:49.737126+00
14	auth	0009_alter_user_last_name_max_length	2026-05-22 10:27:49.744201+00
15	auth	0010_alter_group_name_max_length	2026-05-22 10:27:49.753722+00
16	auth	0011_update_proxy_permissions	2026-05-22 10:27:49.758678+00
17	auth	0012_alter_user_first_name_max_length	2026-05-22 10:27:49.767612+00
18	rms	0001_initial	2026-05-22 10:27:49.819566+00
19	sessions	0001_initial	2026-05-22 10:27:49.82453+00
\.


--
-- Data for Name: django_session; Type: TABLE DATA; Schema: public; Owner: postgres
--

COPY public.django_session (session_key, session_data, expire_date) FROM stdin;
rbuxhtpmh7ffes7aj1epu98og0moodml	.eJxVjEEOwiAQRe_C2hBogYJL956BDDODVA0kpV0Z765NutDtf-_9l4iwrSVunZc4kzgLLU6_WwJ8cN0B3aHemsRW12VOclfkQbu8NuLn5XD_Dgr08q2RQ2K0eURLwaMmBwY8j0iWSJs8KBpNTkjIELKaMntSrMCxGuzknHh_AC-bOYM:1wQNA6:qLgRAR6D_d1d4VpkOshofPbAMvCEdya5H3zoqY_lYEA	2026-06-05 10:31:26.384418+00
\.


--
-- Data for Name: rms_category; Type: TABLE DATA; Schema: public; Owner: postgres
--

COPY public.rms_category (id, name) FROM stdin;
1	Appetizers
2	Starters
3	Salads
4	Soups
5	Seafood
6	Meat Dishes
7	Burgers & Pizza
8	Sides
9	Desserts
10	Beverages
\.


--
-- Data for Name: rms_food; Type: TABLE DATA; Schema: public; Owner: postgres
--

COPY public.rms_food (id, name, description, price, category_id) FROM stdin;
35	Crispy Calamari	Tender calamari rings lightly dusted with seasoned flour, fried crisp and served with a zesty marinara sauce.	12.99	1
36	Garlic Parmesan Wings	Crispy chicken wings tossed in rich garlic butter and freshly grated parmesan cheese.	14.50	1
37	Stuffed Mushrooms	Large cremini mushroom caps filled with herbs, cream cheese, and sweet Italian sausage.	10.99	1
38	Bruschetta Classica	Toasted sourdough baguette topped with diced heirloom tomatoes, garlic, fresh basil, and balsamic glaze.	9.50	2
39	Spinach Artichoke Dip	A warm, creamy blend of spinach, artichokes, and melted mozzarella, served with tortilla chips.	11.25	2
40	Classic Caesar Salad	Crisp romaine lettuce, garlic croutons, and shaved parmesan tossed in our house-made Caesar dressing.	11.00	3
41	Caprese Salad	Slices of fresh mozzarella and ripe tomatoes alternated with basil leaves, drizzled with olive oil.	12.50	3
42	Roasted Tomato Basil Soup	A rich, creamy blend of slow-roasted vine tomatoes and fresh basil, served with a grilled cheese dipper.	8.00	4
43	French Onion Soup	Rich beef broth packed with caramelized onions, topped with a sourdough crostini and melted Gruyere.	9.50	4
44	Truffle Mushroom Risotto	Arborio rice slow-cooked with a medley of wild mushrooms, white wine, parmesan, and truffle oil.	19.99	5
45	Pan-Seared Salmon	Fresh Atlantic salmon fillet seared with a lemon-herb butter sauce, served over asparagus.	24.50	5
46	Ribeye Steak	A 12oz hand-cut ribeye grilled to perfection, topped with garlic-herb butter and served with fries.	32.00	6
47	Chicken Fettuccine Alfredo	Sliced grilled chicken breast over fettuccine pasta tossed in a rich, creamy Alfredo sauce.	18.50	6
48	Spaghetti Carbonara	Traditional Roman pasta with crispy guanciale, egg yolks, pecorino romano, and cracked black pepper.	17.99	6
49	The Classic Cheeseburger	A smash-style beef patty with cheddar cheese, lettuce, tomato, and house burger sauce on a brioche bun.	14.00	7
50	Spicy Chicken Sandwich	Buttermilk fried chicken breast tossed in hot oil, served with pickles and slaw on a toasted bun.	14.95	7
51	Margherita Pizza	House-made pizza crust topped with fresh tomato sauce, fresh mozzarella, and aromatic basil.	15.00	7
52	Truffle Fries	Hand-cut golden fries tossed in truffle oil, parmesan cheese, and fresh parsley.	6.50	8
53	Garlic Mashed Potatoes	Creamy Yukon Gold potatoes mashed with roasted garlic, butter, and heavy cream.	5.50	8
54	Roasted Brussels Sprouts	Crispy oven-roasted sprouts tossed with a sweet balsamic reduction and bacon bits.	7.00	8
55	New York Cheesecake	Rich and velvety cheesecake on a classic graham cracker crust, topped with strawberry compote.	8.50	9
56	Molten Lava Cake	A decadent chocolate cake with a warm, gooey liquid chocolate center, served with vanilla ice cream.	9.00	9
57	Tiramisu	Layers of espresso-soaked ladyfingers and creamy mascarpone, dusted with premium cocoa powder.	8.00	9
58	Iced Caramel Macchiato	Freshly brewed espresso over ice with whole milk, sweet vanilla syrup, and a buttery caramel drizzle.	5.25	10
59	Artisan Berry Lemonade	House-squeezed fresh lemonade infused with a sweet medley of crushed seasonal berries.	4.50	10
\.


--
-- Data for Name: rms_order; Type: TABLE DATA; Schema: public; Owner: postgres
--

COPY public.rms_order (id, total_price, status, user_id) FROM stdin;
26	1420.50	completed	4
27	235.00	pending	7
28	1890.75	delivered	2
29	945.20	completed	6
30	110.00	pending	8
31	2410.60	delivered	3
32	530.15	completed	5
33	1750.40	pending	2
34	880.90	delivered	7
35	2150.30	completed	4
36	320.00	pending	8
37	1260.85	delivered	6
38	740.45	completed	3
39	1980.10	pending	5
40	415.70	delivered	2
41	1625.00	completed	7
42	2495.25	pending	4
43	670.35	delivered	8
44	1310.80	completed	6
45	105.50	pending	3
\.


--
-- Data for Name: rms_orderedfood; Type: TABLE DATA; Schema: public; Owner: postgres
--

COPY public.rms_orderedfood (id, food_id, order_id) FROM stdin;
54	35	26
55	48	26
56	57	26
57	42	27
58	51	27
59	39	28
60	55	28
61	46	29
62	37	30
63	59	30
64	44	30
65	50	31
66	41	32
67	53	32
68	47	33
69	36	33
70	56	34
71	38	35
72	49	35
73	54	35
74	43	36
75	58	36
76	40	37
77	52	37
78	45	38
79	35	39
80	47	39
81	59	39
82	50	40
83	41	40
84	38	41
85	56	41
86	49	42
87	37	43
88	53	43
89	44	43
90	46	44
91	55	44
92	42	45
93	51	45
94	58	45
95	40	27
96	52	29
97	36	31
98	48	34
99	57	38
100	43	40
101	39	42
102	50	44
103	35	45
\.


--
-- Data for Name: rms_payment; Type: TABLE DATA; Schema: public; Owner: postgres
--

COPY public.rms_payment (id, is_paid, order_id) FROM stdin;
\.


--
-- Data for Name: rms_reservation; Type: TABLE DATA; Schema: public; Owner: postgres
--

COPY public.rms_reservation (id, user_id, table_id) FROM stdin;
\.


--
-- Data for Name: rms_table; Type: TABLE DATA; Schema: public; Owner: postgres
--

COPY public.rms_table (id, number, capacity, is_available) FROM stdin;
26	01	2	t
27	02	2	t
28	03	2	f
29	04	4	t
30	05	4	t
31	06	4	t
32	07	4	f
33	08	4	t
34	09	4	t
35	10	6	t
36	11	6	t
37	12	6	f
38	13	6	t
39	14	8	t
40	15	8	t
\.


--
-- Name: auth_group_id_seq; Type: SEQUENCE SET; Schema: public; Owner: postgres
--

SELECT pg_catalog.setval('public.auth_group_id_seq', 1, false);


--
-- Name: auth_group_permissions_id_seq; Type: SEQUENCE SET; Schema: public; Owner: postgres
--

SELECT pg_catalog.setval('public.auth_group_permissions_id_seq', 1, false);


--
-- Name: auth_permission_id_seq; Type: SEQUENCE SET; Schema: public; Owner: postgres
--

SELECT pg_catalog.setval('public.auth_permission_id_seq', 52, true);


--
-- Name: auth_user_groups_id_seq; Type: SEQUENCE SET; Schema: public; Owner: postgres
--

SELECT pg_catalog.setval('public.auth_user_groups_id_seq', 1, false);


--
-- Name: auth_user_id_seq; Type: SEQUENCE SET; Schema: public; Owner: postgres
--

SELECT pg_catalog.setval('public.auth_user_id_seq', 8, true);


--
-- Name: auth_user_user_permissions_id_seq; Type: SEQUENCE SET; Schema: public; Owner: postgres
--

SELECT pg_catalog.setval('public.auth_user_user_permissions_id_seq', 1, false);


--
-- Name: django_admin_log_id_seq; Type: SEQUENCE SET; Schema: public; Owner: postgres
--

SELECT pg_catalog.setval('public.django_admin_log_id_seq', 4, true);


--
-- Name: django_content_type_id_seq; Type: SEQUENCE SET; Schema: public; Owner: postgres
--

SELECT pg_catalog.setval('public.django_content_type_id_seq', 13, true);


--
-- Name: django_migrations_id_seq; Type: SEQUENCE SET; Schema: public; Owner: postgres
--

SELECT pg_catalog.setval('public.django_migrations_id_seq', 19, true);


--
-- Name: rms_category_id_seq; Type: SEQUENCE SET; Schema: public; Owner: postgres
--

SELECT pg_catalog.setval('public.rms_category_id_seq', 29, true);


--
-- Name: rms_food_id_seq; Type: SEQUENCE SET; Schema: public; Owner: postgres
--

SELECT pg_catalog.setval('public.rms_food_id_seq', 59, true);


--
-- Name: rms_order_id_seq; Type: SEQUENCE SET; Schema: public; Owner: postgres
--

SELECT pg_catalog.setval('public.rms_order_id_seq', 45, true);


--
-- Name: rms_orderedfood_id_seq; Type: SEQUENCE SET; Schema: public; Owner: postgres
--

SELECT pg_catalog.setval('public.rms_orderedfood_id_seq', 103, true);


--
-- Name: rms_payment_id_seq; Type: SEQUENCE SET; Schema: public; Owner: postgres
--

SELECT pg_catalog.setval('public.rms_payment_id_seq', 1, false);


--
-- Name: rms_reservation_id_seq; Type: SEQUENCE SET; Schema: public; Owner: postgres
--

SELECT pg_catalog.setval('public.rms_reservation_id_seq', 1, false);


--
-- Name: rms_table_id_seq; Type: SEQUENCE SET; Schema: public; Owner: postgres
--

SELECT pg_catalog.setval('public.rms_table_id_seq', 40, true);


--
-- Name: auth_group auth_group_name_key; Type: CONSTRAINT; Schema: public; Owner: postgres
--

ALTER TABLE ONLY public.auth_group
    ADD CONSTRAINT auth_group_name_key UNIQUE (name);


--
-- Name: auth_group_permissions auth_group_permissions_group_id_permission_id_0cd325b0_uniq; Type: CONSTRAINT; Schema: public; Owner: postgres
--

ALTER TABLE ONLY public.auth_group_permissions
    ADD CONSTRAINT auth_group_permissions_group_id_permission_id_0cd325b0_uniq UNIQUE (group_id, permission_id);


--
-- Name: auth_group_permissions auth_group_permissions_pkey; Type: CONSTRAINT; Schema: public; Owner: postgres
--

ALTER TABLE ONLY public.auth_group_permissions
    ADD CONSTRAINT auth_group_permissions_pkey PRIMARY KEY (id);


--
-- Name: auth_group auth_group_pkey; Type: CONSTRAINT; Schema: public; Owner: postgres
--

ALTER TABLE ONLY public.auth_group
    ADD CONSTRAINT auth_group_pkey PRIMARY KEY (id);


--
-- Name: auth_permission auth_permission_content_type_id_codename_01ab375a_uniq; Type: CONSTRAINT; Schema: public; Owner: postgres
--

ALTER TABLE ONLY public.auth_permission
    ADD CONSTRAINT auth_permission_content_type_id_codename_01ab375a_uniq UNIQUE (content_type_id, codename);


--
-- Name: auth_permission auth_permission_pkey; Type: CONSTRAINT; Schema: public; Owner: postgres
--

ALTER TABLE ONLY public.auth_permission
    ADD CONSTRAINT auth_permission_pkey PRIMARY KEY (id);


--
-- Name: auth_user_groups auth_user_groups_pkey; Type: CONSTRAINT; Schema: public; Owner: postgres
--

ALTER TABLE ONLY public.auth_user_groups
    ADD CONSTRAINT auth_user_groups_pkey PRIMARY KEY (id);


--
-- Name: auth_user_groups auth_user_groups_user_id_group_id_94350c0c_uniq; Type: CONSTRAINT; Schema: public; Owner: postgres
--

ALTER TABLE ONLY public.auth_user_groups
    ADD CONSTRAINT auth_user_groups_user_id_group_id_94350c0c_uniq UNIQUE (user_id, group_id);


--
-- Name: auth_user auth_user_pkey; Type: CONSTRAINT; Schema: public; Owner: postgres
--

ALTER TABLE ONLY public.auth_user
    ADD CONSTRAINT auth_user_pkey PRIMARY KEY (id);


--
-- Name: auth_user_user_permissions auth_user_user_permissions_pkey; Type: CONSTRAINT; Schema: public; Owner: postgres
--

ALTER TABLE ONLY public.auth_user_user_permissions
    ADD CONSTRAINT auth_user_user_permissions_pkey PRIMARY KEY (id);


--
-- Name: auth_user_user_permissions auth_user_user_permissions_user_id_permission_id_14a6b632_uniq; Type: CONSTRAINT; Schema: public; Owner: postgres
--

ALTER TABLE ONLY public.auth_user_user_permissions
    ADD CONSTRAINT auth_user_user_permissions_user_id_permission_id_14a6b632_uniq UNIQUE (user_id, permission_id);


--
-- Name: auth_user auth_user_username_key; Type: CONSTRAINT; Schema: public; Owner: postgres
--

ALTER TABLE ONLY public.auth_user
    ADD CONSTRAINT auth_user_username_key UNIQUE (username);


--
-- Name: django_admin_log django_admin_log_pkey; Type: CONSTRAINT; Schema: public; Owner: postgres
--

ALTER TABLE ONLY public.django_admin_log
    ADD CONSTRAINT django_admin_log_pkey PRIMARY KEY (id);


--
-- Name: django_content_type django_content_type_app_label_model_76bd3d3b_uniq; Type: CONSTRAINT; Schema: public; Owner: postgres
--

ALTER TABLE ONLY public.django_content_type
    ADD CONSTRAINT django_content_type_app_label_model_76bd3d3b_uniq UNIQUE (app_label, model);


--
-- Name: django_content_type django_content_type_pkey; Type: CONSTRAINT; Schema: public; Owner: postgres
--

ALTER TABLE ONLY public.django_content_type
    ADD CONSTRAINT django_content_type_pkey PRIMARY KEY (id);


--
-- Name: django_migrations django_migrations_pkey; Type: CONSTRAINT; Schema: public; Owner: postgres
--

ALTER TABLE ONLY public.django_migrations
    ADD CONSTRAINT django_migrations_pkey PRIMARY KEY (id);


--
-- Name: django_session django_session_pkey; Type: CONSTRAINT; Schema: public; Owner: postgres
--

ALTER TABLE ONLY public.django_session
    ADD CONSTRAINT django_session_pkey PRIMARY KEY (session_key);


--
-- Name: rms_category rms_category_pkey; Type: CONSTRAINT; Schema: public; Owner: postgres
--

ALTER TABLE ONLY public.rms_category
    ADD CONSTRAINT rms_category_pkey PRIMARY KEY (id);


--
-- Name: rms_food rms_food_pkey; Type: CONSTRAINT; Schema: public; Owner: postgres
--

ALTER TABLE ONLY public.rms_food
    ADD CONSTRAINT rms_food_pkey PRIMARY KEY (id);


--
-- Name: rms_order rms_order_pkey; Type: CONSTRAINT; Schema: public; Owner: postgres
--

ALTER TABLE ONLY public.rms_order
    ADD CONSTRAINT rms_order_pkey PRIMARY KEY (id);


--
-- Name: rms_orderedfood rms_orderedfood_pkey; Type: CONSTRAINT; Schema: public; Owner: postgres
--

ALTER TABLE ONLY public.rms_orderedfood
    ADD CONSTRAINT rms_orderedfood_pkey PRIMARY KEY (id);


--
-- Name: rms_payment rms_payment_pkey; Type: CONSTRAINT; Schema: public; Owner: postgres
--

ALTER TABLE ONLY public.rms_payment
    ADD CONSTRAINT rms_payment_pkey PRIMARY KEY (id);


--
-- Name: rms_reservation rms_reservation_pkey; Type: CONSTRAINT; Schema: public; Owner: postgres
--

ALTER TABLE ONLY public.rms_reservation
    ADD CONSTRAINT rms_reservation_pkey PRIMARY KEY (id);


--
-- Name: rms_table rms_table_pkey; Type: CONSTRAINT; Schema: public; Owner: postgres
--

ALTER TABLE ONLY public.rms_table
    ADD CONSTRAINT rms_table_pkey PRIMARY KEY (id);


--
-- Name: auth_group_name_a6ea08ec_like; Type: INDEX; Schema: public; Owner: postgres
--

CREATE INDEX auth_group_name_a6ea08ec_like ON public.auth_group USING btree (name varchar_pattern_ops);


--
-- Name: auth_group_permissions_group_id_b120cbf9; Type: INDEX; Schema: public; Owner: postgres
--

CREATE INDEX auth_group_permissions_group_id_b120cbf9 ON public.auth_group_permissions USING btree (group_id);


--
-- Name: auth_group_permissions_permission_id_84c5c92e; Type: INDEX; Schema: public; Owner: postgres
--

CREATE INDEX auth_group_permissions_permission_id_84c5c92e ON public.auth_group_permissions USING btree (permission_id);


--
-- Name: auth_permission_content_type_id_2f476e4b; Type: INDEX; Schema: public; Owner: postgres
--

CREATE INDEX auth_permission_content_type_id_2f476e4b ON public.auth_permission USING btree (content_type_id);


--
-- Name: auth_user_groups_group_id_97559544; Type: INDEX; Schema: public; Owner: postgres
--

CREATE INDEX auth_user_groups_group_id_97559544 ON public.auth_user_groups USING btree (group_id);


--
-- Name: auth_user_groups_user_id_6a12ed8b; Type: INDEX; Schema: public; Owner: postgres
--

CREATE INDEX auth_user_groups_user_id_6a12ed8b ON public.auth_user_groups USING btree (user_id);


--
-- Name: auth_user_user_permissions_permission_id_1fbb5f2c; Type: INDEX; Schema: public; Owner: postgres
--

CREATE INDEX auth_user_user_permissions_permission_id_1fbb5f2c ON public.auth_user_user_permissions USING btree (permission_id);


--
-- Name: auth_user_user_permissions_user_id_a95ead1b; Type: INDEX; Schema: public; Owner: postgres
--

CREATE INDEX auth_user_user_permissions_user_id_a95ead1b ON public.auth_user_user_permissions USING btree (user_id);


--
-- Name: auth_user_username_6821ab7c_like; Type: INDEX; Schema: public; Owner: postgres
--

CREATE INDEX auth_user_username_6821ab7c_like ON public.auth_user USING btree (username varchar_pattern_ops);


--
-- Name: django_admin_log_content_type_id_c4bce8eb; Type: INDEX; Schema: public; Owner: postgres
--

CREATE INDEX django_admin_log_content_type_id_c4bce8eb ON public.django_admin_log USING btree (content_type_id);


--
-- Name: django_admin_log_user_id_c564eba6; Type: INDEX; Schema: public; Owner: postgres
--

CREATE INDEX django_admin_log_user_id_c564eba6 ON public.django_admin_log USING btree (user_id);


--
-- Name: django_session_expire_date_a5c62663; Type: INDEX; Schema: public; Owner: postgres
--

CREATE INDEX django_session_expire_date_a5c62663 ON public.django_session USING btree (expire_date);


--
-- Name: django_session_session_key_c0390e0f_like; Type: INDEX; Schema: public; Owner: postgres
--

CREATE INDEX django_session_session_key_c0390e0f_like ON public.django_session USING btree (session_key varchar_pattern_ops);


--
-- Name: rms_food_category_id_1caedd3d; Type: INDEX; Schema: public; Owner: postgres
--

CREATE INDEX rms_food_category_id_1caedd3d ON public.rms_food USING btree (category_id);


--
-- Name: rms_order_user_id_2aeb6b12; Type: INDEX; Schema: public; Owner: postgres
--

CREATE INDEX rms_order_user_id_2aeb6b12 ON public.rms_order USING btree (user_id);


--
-- Name: rms_orderedfood_food_id_a0537f0f; Type: INDEX; Schema: public; Owner: postgres
--

CREATE INDEX rms_orderedfood_food_id_a0537f0f ON public.rms_orderedfood USING btree (food_id);


--
-- Name: rms_orderedfood_order_id_7ab16102; Type: INDEX; Schema: public; Owner: postgres
--

CREATE INDEX rms_orderedfood_order_id_7ab16102 ON public.rms_orderedfood USING btree (order_id);


--
-- Name: rms_payment_order_id_2b02434d; Type: INDEX; Schema: public; Owner: postgres
--

CREATE INDEX rms_payment_order_id_2b02434d ON public.rms_payment USING btree (order_id);


--
-- Name: rms_reservation_table_id_5d9af7c0; Type: INDEX; Schema: public; Owner: postgres
--

CREATE INDEX rms_reservation_table_id_5d9af7c0 ON public.rms_reservation USING btree (table_id);


--
-- Name: rms_reservation_user_id_75d6d0b3; Type: INDEX; Schema: public; Owner: postgres
--

CREATE INDEX rms_reservation_user_id_75d6d0b3 ON public.rms_reservation USING btree (user_id);


--
-- Name: auth_group_permissions auth_group_permissio_permission_id_84c5c92e_fk_auth_perm; Type: FK CONSTRAINT; Schema: public; Owner: postgres
--

ALTER TABLE ONLY public.auth_group_permissions
    ADD CONSTRAINT auth_group_permissio_permission_id_84c5c92e_fk_auth_perm FOREIGN KEY (permission_id) REFERENCES public.auth_permission(id) DEFERRABLE INITIALLY DEFERRED;


--
-- Name: auth_group_permissions auth_group_permissions_group_id_b120cbf9_fk_auth_group_id; Type: FK CONSTRAINT; Schema: public; Owner: postgres
--

ALTER TABLE ONLY public.auth_group_permissions
    ADD CONSTRAINT auth_group_permissions_group_id_b120cbf9_fk_auth_group_id FOREIGN KEY (group_id) REFERENCES public.auth_group(id) DEFERRABLE INITIALLY DEFERRED;


--
-- Name: auth_permission auth_permission_content_type_id_2f476e4b_fk_django_co; Type: FK CONSTRAINT; Schema: public; Owner: postgres
--

ALTER TABLE ONLY public.auth_permission
    ADD CONSTRAINT auth_permission_content_type_id_2f476e4b_fk_django_co FOREIGN KEY (content_type_id) REFERENCES public.django_content_type(id) DEFERRABLE INITIALLY DEFERRED;


--
-- Name: auth_user_groups auth_user_groups_group_id_97559544_fk_auth_group_id; Type: FK CONSTRAINT; Schema: public; Owner: postgres
--

ALTER TABLE ONLY public.auth_user_groups
    ADD CONSTRAINT auth_user_groups_group_id_97559544_fk_auth_group_id FOREIGN KEY (group_id) REFERENCES public.auth_group(id) DEFERRABLE INITIALLY DEFERRED;


--
-- Name: auth_user_groups auth_user_groups_user_id_6a12ed8b_fk_auth_user_id; Type: FK CONSTRAINT; Schema: public; Owner: postgres
--

ALTER TABLE ONLY public.auth_user_groups
    ADD CONSTRAINT auth_user_groups_user_id_6a12ed8b_fk_auth_user_id FOREIGN KEY (user_id) REFERENCES public.auth_user(id) DEFERRABLE INITIALLY DEFERRED;


--
-- Name: auth_user_user_permissions auth_user_user_permi_permission_id_1fbb5f2c_fk_auth_perm; Type: FK CONSTRAINT; Schema: public; Owner: postgres
--

ALTER TABLE ONLY public.auth_user_user_permissions
    ADD CONSTRAINT auth_user_user_permi_permission_id_1fbb5f2c_fk_auth_perm FOREIGN KEY (permission_id) REFERENCES public.auth_permission(id) DEFERRABLE INITIALLY DEFERRED;


--
-- Name: auth_user_user_permissions auth_user_user_permissions_user_id_a95ead1b_fk_auth_user_id; Type: FK CONSTRAINT; Schema: public; Owner: postgres
--

ALTER TABLE ONLY public.auth_user_user_permissions
    ADD CONSTRAINT auth_user_user_permissions_user_id_a95ead1b_fk_auth_user_id FOREIGN KEY (user_id) REFERENCES public.auth_user(id) DEFERRABLE INITIALLY DEFERRED;


--
-- Name: django_admin_log django_admin_log_content_type_id_c4bce8eb_fk_django_co; Type: FK CONSTRAINT; Schema: public; Owner: postgres
--

ALTER TABLE ONLY public.django_admin_log
    ADD CONSTRAINT django_admin_log_content_type_id_c4bce8eb_fk_django_co FOREIGN KEY (content_type_id) REFERENCES public.django_content_type(id) DEFERRABLE INITIALLY DEFERRED;


--
-- Name: django_admin_log django_admin_log_user_id_c564eba6_fk_auth_user_id; Type: FK CONSTRAINT; Schema: public; Owner: postgres
--

ALTER TABLE ONLY public.django_admin_log
    ADD CONSTRAINT django_admin_log_user_id_c564eba6_fk_auth_user_id FOREIGN KEY (user_id) REFERENCES public.auth_user(id) DEFERRABLE INITIALLY DEFERRED;


--
-- Name: rms_food rms_food_category_id_1caedd3d_fk_rms_category_id; Type: FK CONSTRAINT; Schema: public; Owner: postgres
--

ALTER TABLE ONLY public.rms_food
    ADD CONSTRAINT rms_food_category_id_1caedd3d_fk_rms_category_id FOREIGN KEY (category_id) REFERENCES public.rms_category(id) DEFERRABLE INITIALLY DEFERRED;


--
-- Name: rms_order rms_order_user_id_2aeb6b12_fk_auth_user_id; Type: FK CONSTRAINT; Schema: public; Owner: postgres
--

ALTER TABLE ONLY public.rms_order
    ADD CONSTRAINT rms_order_user_id_2aeb6b12_fk_auth_user_id FOREIGN KEY (user_id) REFERENCES public.auth_user(id) DEFERRABLE INITIALLY DEFERRED;


--
-- Name: rms_orderedfood rms_orderedfood_food_id_a0537f0f_fk_rms_food_id; Type: FK CONSTRAINT; Schema: public; Owner: postgres
--

ALTER TABLE ONLY public.rms_orderedfood
    ADD CONSTRAINT rms_orderedfood_food_id_a0537f0f_fk_rms_food_id FOREIGN KEY (food_id) REFERENCES public.rms_food(id) DEFERRABLE INITIALLY DEFERRED;


--
-- Name: rms_orderedfood rms_orderedfood_order_id_7ab16102_fk_rms_order_id; Type: FK CONSTRAINT; Schema: public; Owner: postgres
--

ALTER TABLE ONLY public.rms_orderedfood
    ADD CONSTRAINT rms_orderedfood_order_id_7ab16102_fk_rms_order_id FOREIGN KEY (order_id) REFERENCES public.rms_order(id) DEFERRABLE INITIALLY DEFERRED;


--
-- Name: rms_payment rms_payment_order_id_2b02434d_fk_rms_order_id; Type: FK CONSTRAINT; Schema: public; Owner: postgres
--

ALTER TABLE ONLY public.rms_payment
    ADD CONSTRAINT rms_payment_order_id_2b02434d_fk_rms_order_id FOREIGN KEY (order_id) REFERENCES public.rms_order(id) DEFERRABLE INITIALLY DEFERRED;


--
-- Name: rms_reservation rms_reservation_table_id_5d9af7c0_fk_rms_table_id; Type: FK CONSTRAINT; Schema: public; Owner: postgres
--

ALTER TABLE ONLY public.rms_reservation
    ADD CONSTRAINT rms_reservation_table_id_5d9af7c0_fk_rms_table_id FOREIGN KEY (table_id) REFERENCES public.rms_table(id) DEFERRABLE INITIALLY DEFERRED;


--
-- Name: rms_reservation rms_reservation_user_id_75d6d0b3_fk_auth_user_id; Type: FK CONSTRAINT; Schema: public; Owner: postgres
--

ALTER TABLE ONLY public.rms_reservation
    ADD CONSTRAINT rms_reservation_user_id_75d6d0b3_fk_auth_user_id FOREIGN KEY (user_id) REFERENCES public.auth_user(id) DEFERRABLE INITIALLY DEFERRED;


--
-- PostgreSQL database dump complete
--

\unrestrict uSCHkjKcd9hqxdyq9U1fhU7zJikrRKnvcy9O4qtZld2SPeGe81e7Lddwd5Doguq

